Puzzle,Category,Date
TIDY UP THE HOUSE,Phrase,9/12/16
WHIMSICAL RHYME,Thing,9/13/16
PIANO MUSIC,Thing,9/14/16
CARPOOLING TO WORK,What Are You Doing?,9/15/16
ACTIVEWEAR,Thing,9/16/16
UPBEAT PERSONALITY,Thing,9/19/16
FOOD JOURNAL,Thing,9/20/16
IN THE BACKGROUND,Phrase,9/21/16
GROUP PHOTO,Thing,9/22/16
POWERFUL IMAGE,Thing,9/23/16
HUMBLY YOURS,Phrase,9/26/16
CHOKED UP,Phrase,9/27/16
POSITIVE OPINION,Thing,9/28/16
FRESH HONEYDEW,Food &amp; Drink,9/29/16
A HEFTY CHUNK,Thing,9/30/16
ON OUR WAY TO HAPPY HOUR,Phrase,10/3/16
I GAVE HIM AN EARFUL,Phrase,10/4/16
JUICY PLUM,Food &amp; Drink,10/5/16
OUT OF THE BOX,Phrase,10/6/16
APPLYING YOURSELF,Phrase,10/7/16
JAZZ GUITARIST,Person,10/10/16
BAKING A PIE,What Are You Doing?,10/11/16
BASIC MATH,Thing,10/12/16
POPULAR VIEW,Thing,10/13/16
FABULOUS ADVICE,Thing,10/14/16
PARADING AROUND,What Are You Doing?,10/17/16
FLIPPING A SWITCH,Phrase,10/18/16
EMBARK ON A JOURNEY,Phrase,10/19/16
DIFFICULT TO IGNORE,Phrase,10/20/16
ADORABLE DIMPLES,Things,10/21/16
HANDY GUY,Person,10/24/16
I HAVE NO IDEA,Phrase,10/25/16
ON A BUDGET,Phrase,10/26/16
DAILY UPDATES,Things,10/27/16
FOGGY MORNING,Thing,10/28/16
TOYING AROUND,Phrase,10/31/16
UNBEATABLE COMBINATION,Phrase,11/1/16
BRIGHT GLOW,Thing,11/2/16
JOINING HANDS,Phrase,11/3/16
PAYING MY DUES,Phrase,11/4/16
A BIG FACTOR,Thing,11/7/16
MY HAPPY PLACE,Phrase,11/9/16
JOG YOUR MEMORY,Phrase,11/10/16
POINT IT OUT,Phrase,11/11/16
GROCERY BAGS,Things,11/12/16
AMBITIOUS PLAN,Thing,11/14/16
DOUBLE EXPOSURE,Thing,11/15/16
DAYLIGHT HOURS,Things,11/16/16
FUNNY CAPTION,Thing,11/17/16
COZY BUNGALOW,Place,11/18/16
I HAVE TO GO HOME,Phrase,11/21/16
WOOL JACKET,Thing,11/22/16
MUSICAL PRODIGY,Person,11/23/16
HOPE YOU HAVE FUN,Phrase,11/24/16
OUR TOP PRIORITY,Thing,11/25/16
BACK IT UP,Phrase,11/28/16
HUGE JACKPOT,Thing,11/29/16
A UNIQUE VOICE,Thing,11/30/16
OPEN DAILY,Phrase,12/1/16
AN ONGOING EFFORT,Thing,12/2/16
HOWDY FOLKS,Phrase,12/5/16
BIOGRAPHICAL INFORMATION,Thing,12/6/16
DREAM BIG,Phrase,12/7/16
QUAINT COTTAGE,Place,12/8/16
IMPULSE PURCHASE,Thing,12/9/16
YOUNG AND HIP,Phrase,12/12/16
MAKE IT HAPPEN,Phrase,12/13/16
AKRON OHIO,On the Map,12/14/16
VIVID IMAGE,Thing,12/15/16
OUT ON THE PATIO,Phrase,12/16/16
BINGO PARTY,Event,12/19/16
ALWAYS FAITHFUL,Phrase,12/20/16
BOLD IDEA,Thing,12/21/16
IN A GOOD GROOVE,Phrase,12/22/16
VOCABULARY QUIZ,Thing,12/23/16
SUPERB TECHNIQUE,Thing,12/26/16
MAKING AN APPOINTMENT,What Are You Doing?,12/27/16
PACKED AUDITORIUM,Place,12/28/16
PRYING IT OPEN,What Are You Doing?,12/29/16
LOWER THE BOOM,Phrase,12/30/16
GORGEOUS VINEYARD,Place,1/2/17
FOOLPROOF METHOD,Thing,1/3/17
BEYOND QUESTION,Phrase,1/4/17
HOME BEFORE DARK,Phrase,1/5/17
MIXED REVIEWS,Things,1/6/17
HANDY GUIDEBOOK,Thing,1/9/17
DAZZLING GOOD LOOKS,Things,1/10/17
A QUIET BREAK,Thing,1/11/17
IN A VACUUM,Phrase,1/12/17
HIGHLY GIFTED,Phrase,1/13/17
POLAR OPPOSITE,Phrase,1/16/17
WILD ABOUT THE IDEA,Phrase,1/17/17
BELOW THE HORIZON,Phrase,1/18/17
HUMAN BEHAVIOR,Thing,1/19/17
DABBLING IN MAGIC,Phrase,1/20/17
ABOVE THE FRAY,Phrase,1/23/17
BABY FOXES,Living Things,1/24/17
PLUG THE GAP,Phrase,1/25/17
I BOUGHT A FEW GIFTS,Phrase,1/26/17
OUR FIRST VOYAGE,Phrase,1/27/17
PAYING A VISIT,What Are You Doing?,1/30/17
IN ABOUT AN HOUR,Phrase,1/31/17
GLOB OF PAINT,Thing,2/1/17
WITHOUT A WORD,Phrase,2/2/17
PREVIOUS JOB,Thing,2/3/17
AUDITIONING,Show Biz,2/6/17
AERIAL PHOTO,Thing,2/7/17
CAUGHT A GLIMPSE,Phrase,2/8/17
MOVE ALONG,Phrase,2/9/17
HIGHEST QUALITY,Phrase,2/10/17
YOU DO THE MATH,Phrase,2/13/17
ADVISORY GROUP,People,2/14/17
AMPLIFIED MUSIC,Thing,2/15/17
WAY OUT OF BOUNDS,Phrase,2/16/17
FAR FROM OVER,Phrase,2/17/17
OUR HANGOUT,Place,2/20/17
POWER COUPLE,People,2/21/17
YOGA PANTS,Things,2/22/17
GOPHER HOLE,Thing,2/23/17
I MADE A PROMISE,Phrase,2/24/17
FLIPPING A COIN,What Are You Doing?,2/27/17
DURING THE BREAK,Phrase,2/28/17
BODYBUILDING,Thing,3/1/17
CLOGGED UP,Phrase,3/2/17
VALUABLE INFORMATION,Thing,3/3/17
RIGHT BEHIND YOU,Phrase,3/6/17
GROWN KIDS,People,3/7/17
FAVORITE PHOTO,Thing,3/8/17
BARELY MADE IT,Phrase,3/9/17
MY BIGGEST FAN,Person,3/10/17
GET BACK TO BASICS,Phrase,3/13/17
OFFICE JARGON,Thing,3/14/17
VAST QUANTITY,Phrase,3/15/17
GRAB YOUR PHONE,Phrase,3/16/17
WITHIN A YEAR,Phrase,3/17/17
PACK YOUR BAGS,Phrase,3/20/17
BOYISH LOOKS,Things,3/21/17
UNIVERSAL APPEAL,Thing,3/22/17
MATH FORMULA,Thing,3/23/17
HIGH POINT OF MY DAY,Phrase,3/24/17
MAKE WAY,Phrase,3/27/17
BACK ON TOP,Phrase,3/28/17
POPULAR QUOTE,Thing,3/29/17
WEIGHING OPTIONS,What Are You Doing?,3/30/17
OUT OF YOUR COMFORT ZONE,Phrase,3/31/17
WORKING OUT THE KINKS,What Are You Doing?,4/3/17
YOU READ MY MIND,Phrase,4/4/17
APPROVING NOD,Thing,4/5/17
CHOOSE WISELY,Phrase,4/6/17
EXCLUSIVE OFFER,Thing,4/7/17
BUNDLE UP,Phrase,4/10/17
AMONG OTHER THINGS,Phrase,4/11/17
VICTORY DANCE,Thing,4/12/17
FIX IT UP,Phrase,4/13/17
A PIECE OF ADVICE,Thing,4/14/17
HARD WORK,Thing,4/17/17
WAY OVER YONDER,Phrase,4/18/17
VINTAGE BOUTIQUE,Place,4/19/17
HARMONICA PLAYER,Person,4/20/17
FLICKERING BULB,Thing,4/21/17
MAJOR IMPACT,Thing,4/24/17
JOIN THE PARTY,Phrase,4/25/17
GOOD QUESTION,Thing,4/26/17
INFORMATION OVERLOAD,Phrase,4/27/17
POISED TO WIN,Phrase,4/28/17
VIVID COLOR,Thing,5/1/17
JUST A QUICK PEEK,Phrase,5/2/17
PUFFY CHEEKS,Things,5/3/17
MY FAVORITE HANDBAG,Thing,5/4/17
PAVED ROADWAY,Thing,5/5/17
PROM GOWN,Thing,5/8/17
BACK AT WORK,Phrase,5/9/17
HOT PROPERTY,Thing,5/10/17
BUFFALO AND ITHACA,On the Map,5/11/17
MOVE FORWARD,Phrase,5/12/17
PACKAGE DEAL,Thing,5/15/17
THE UPPER HAND,Phrase,5/16/17
WALK ON BY,Phrase,5/17/17
GO WITH YOUR FIRST CHOICE,Phrase,5/18/17
OUT OF FOCUS,Phrase,5/19/17
PATCHWORK,Thing,5/22/17
BOUQUET,Thing,5/23/17
VERY THICK FOG,Thing,5/24/17
YOU HAVE MY WORD,Phrase,5/25/17
BEFORE DAWN,Phrase,5/26/17
OVERCOMING OBSTACLES,What Are You Doing?,5/29/17
HEAR US OUT,Phrase,5/30/17
VACUUM BAGS,Things,5/31/17
ON OUR BEHALF,Phrase,6/1/17
JUICY PEACH,Food &amp; Drink,6/2/17
OFFBEAT APPROACH,Thing,6/5/17
HUGE FAVOR,Thing,6/6/17
WICHITA AND TOPEKA,On the Map,6/7/17
AWKWARD MOMENT,Thing,6/8/17
BEYOND COMPARE,Phrase,6/9/17
UNPACKING BAGS,What Are You Doing?,9/11/17
HOUSE PARTY,Event,9/12/17
GOLD ALBUM,Show Biz,9/13/17
BROWSING AROUND,What Are You Doing?,9/14/17
ANCIENT AZTECS,People,9/15/17
A GROUP OF KIDS,People,9/18/17
PLAYFUL GREYHOUND,Living Thing,9/19/17
EVIL WIZARD,Character,9/20/17
BROWN CORDUROY,What Are You Wearing?,9/21/17
DOG GROOMER,Occupation,9/22/17
JOB PROMOTION,Event,9/25/17
YOUNG HOBBIT,Character,9/26/17
FRESH PAPAYA,Food &amp; Drink,9/27/17
PIZZA PARLOR,Place,9/28/17
CITRUS JUICER,In the Kitchen,9/29/17
BAKED YAMS,Food &amp; Drink,10/2/17
BOLD CONCEPT,Thing,10/3/17
ORGANIC YOGURT,Food &amp; Drink,10/4/17
VAMPIRE MOVIE,Show Biz,10/5/17
GLACIER BAY,On the Map,10/6/17
WILD BRONCO,Living Thing,10/9/17
BOMBER JACKET,What Are You Wearing?,10/10/17
A HOUSEHOLD WORD,Thing,10/11/17
YEARLY BASH,Event,10/12/17
HUDDLE UP,Phrase,10/13/17
YOGA APPAREL,What Are You Wearing?,10/16/17
MANGO JUICE,Food &amp; Drink,10/17/17
PHOTO BOX,Around the House,10/18/17
COWBOY OUTFIT,What Are You Wearing?,10/19/17
COMPACT MICROWAVE,In the Kitchen,10/20/17
PAIR OF HEADPHONES,Around the House,10/23/17
BEIJING AND SHANGHAI,On the Map,10/24/17
GOOEY FUDGE,Food &amp; Drink,10/25/17
OFFICIAL BIOGRAPHER,Person,10/26/17
GULPING DOWN COFFEE,What Are You Doing?,10/27/17
GIANT CYCLOPS,Character,10/30/17
FARGO AND BISMARCK,On the Map,10/31/17
OFFICE BUILDING,Place,11/1/17
ROOKS AND PAWNS,Fun &amp; Games,11/2/17
JAMES BOND VILLAINS,Characters,11/3/17
BABY QUILT,Around the House,11/6/17
HEAVY PARKA,What Are You Wearing?,11/7/17
MAGICAL VOYAGE,Event,11/8/17
BUTCHER PAPER,In the Kitchen,11/9/17
WILDLIFE BIOLOGIST,Occupation,11/10/17
PATIO CUSHIONS,Around the House,11/13/17
A MINOR QUIBBLE,Thing,11/14/17
BAKED ZUCCHINI,Food &amp; Drink,11/15/17
WIDE BOULEVARD,Place,11/16/17
PROVIDING USEFUL ADVICE,What Are You Doing?,11/17/17
BEAUTY PAGEANT,Event,11/20/17
BOYHOOD PALS,People,11/21/17
WIRE WHISK,In the Kitchen,11/22/17
LOGIC PUZZLE,Fun &amp; Games,11/23/17
INGENIOUS INVENTION,Thing,11/24/17
KYOTO JAPAN,On the Map,11/27/17
WARMING UP MY VOICE,What Are You Doing?,11/28/17
GYPSY MOTH,Living Thing,11/29/17
KARAOKE PARTY,Fun &amp; Games,11/30/17
ON THE HIGHWAY,Phrase,12/1/17
JOURNEY BY BOAT,Event,12/4/17
BASKETS AND HAMPERS,Around the House,12/5/17
YOUNGSTOWN OHIO,On the Map,12/6/17
HUGS ALL AROUND,Phrase,12/7/17
EGYPTIAN PHARAOHS,People,12/8/17
QUICK JOG IN THE PARK,Fun &amp; Games,12/11/17
JUBILANT GALA,Event,12/12/17
CAPE OF GOOD HOPE,On the Map,12/13/17
MIXING BOWLS WITH LIDS,In the Kitchen,12/14/17
POWER FAILURE,Event,12/15/17
BILOXI AND JACKSON,On the Map,12/18/17
BASHFUL AND GRUMPY,Characters,12/19/17
WHITE BLAZER,What Are You Wearing?,12/20/17
OCEAN KAYAKING,Fun &amp; Games,12/21/17
SHOCK WAVE,Thing,12/22/17
PLAYING IN THE BACKYARD,Fun &amp; Games,12/25/17
BAG OF CHIPS,Food &amp; Drink,12/26/17
BRIEF CAMEO,Show Biz,12/27/17
WOOD VANITY,Around the House,12/28/17
FAMILY PHYSICIAN,Occupation,12/29/17
GIANT IGUANA,Living Thing,1/1/18
WICKED QUEEN,Character,1/2/18
ITALIAN BAKERY,Place,1/3/18
GOING WAY OVERBOARD,What Are You Doing?,1/4/18
THE USUAL HANGOUT,Place,1/5/18
MATH WORKBOOK,Thing,1/8/18
HANDPICKED AVOCADO,Food &amp; Drink,1/9/18
JOIN OUR GROUP,Phrase,1/10/18
UPSCALE BOUTIQUE,Place,1/11/18
FILM CLIP,Show Biz,1/12/18
TAKING A POP QUIZ,What Are You Doing?,1/15/18
BLACK PUMPS,What Are You Wearing?,1/16/18
AMBITIOUS PROJECT,Thing,1/17/18
WIGGLE OUT OF IT,Phrase,1/18/18
A JAR OF COINS,Around the House,1/19/18
FUZZY WARM GLOVES,What Are You Wearing?,1/22/18
THAT ABOUT WRAPS IT UP,Phrase,1/23/18
SWOOPING HAWKS,Living Things,1/24/18
CROWDED GYM,Place,1/25/18
KINGS AND DUKES,People,1/26/18
BEIGE KHAKIS,What Are You Wearing?,1/29/18
I FOUND A WAY,Phrase,1/30/18
PINK BEGONIAS,Living Things,1/31/18
CERAMIC BAKEWARE,In the Kitchen,2/1/18
BLACK OLIVES,Food &amp; Drink,2/2/18
FANCY GOLD WATCH,What Are You Wearing?,2/5/18
TAKING UP A HOBBY,What Are You Doing?,2/6/18
GROUND PAPRIKA,Food &amp; Drink,2/7/18
JUNIOR PROM,Event,2/8/18
QUALIFIED BUYER,Person,2/9/18
FORGING ONWARD,What Are You Doing?,2/12/18
CREATIVE VISIONARY,Person,2/13/18
WITHDRAWING FUNDS,What Are You Doing?,2/14/18
WHAT AN AMAZING DAY,Phrase,2/15/18
KICKING AROUND IDEAS,What Are You Doing?,2/16/18
WOOL PANTS,What Are You Wearing?,2/19/18
DOUBLE BOILER,In the Kitchen,2/20/18
BABY GROUNDHOGS,Living Things,2/21/18
QUIET OFFICE,Place,2/22/18
HUNGRY JAGUAR,Living Thing,2/23/18
GO WILD,Phrase,2/26/18
HAPPY OCCASION,Event,2/27/18
YUMMY POUND CAKE,Food &amp; Drink,2/28/18
SPACIOUS BACKYARD,Place,3/1/18
VIRAL VIDEO,Thing,3/2/18
AVID BACKPACKER,Person,3/5/18
KALAMAZOO AND SAGINAW,On the Map,3/6/18
MUGS AND CUPS,In the Kitchen,3/7/18
VAST WAREHOUSE,Place,3/8/18
IDAHO AND WYOMING,On the Map,3/9/18
HIDDEN COVE,Place,3/12/18
BUBBLE OVER,Phrase,3/13/18
RIDING PIGGYBACK,Fun &amp; Games,3/14/18
VICTORIOUS BOXER,Person,3/15/18
KAYAKER,Person,3/16/18
BAGGY PAJAMAS,What Are You Wearing?,3/19/18
QUEBEC AND MANITOBA,On the Map,3/20/18
CHEWY JERKY,Food &amp; Drink,3/21/18
JOURNAL PAGES,Things,3/22/18
BUYING A CONDO,Event,3/23/18
BLOOMING MARIGOLDS,Living Things,3/26/18
A QUIRKY SUBJECT,Thing,3/27/18
PIZZA BAGELS,Food &amp; Drink,3/28/18
WARM GRIDDLE,In the Kitchen,3/29/18
JUNEAU AND ANCHORAGE,On the Map,3/30/18
GOLDEN WAFFLES,Food &amp; Drink,4/2/18
FLUFFY KOALAS,Living Things,4/3/18
BRUCE WAYNE,Character,4/4/18
MOVIE NIGHT,Event,4/5/18
MAKING A WISH,What Are You Doing?,4/6/18
BEAUTY PRODUCTS,Around the House,4/9/18
CRISP FUJI APPLE,Food &amp; Drink,4/10/18
WRAPAROUND PORCH,Place,4/11/18
BATCH OF BROWNIES,Food &amp; Drink,4/12/18
CUDDLY PUPPIES,Living Things,4/13/18
MY WORKSPACE,Place,4/16/18
DAILY OUTPUT,Thing,4/17/18
JAM-PACKED HOUSE,Place,4/18/18
FOXHOUND,Living Thing,4/19/18
BROWN HIP BOOTS,What Are You Wearing?,4/20/18
WAVE OF EUPHORIA,Thing,4/23/18
COLORFUL PONCHO,What Are You Wearing?,4/24/18
DISPOSABLE CHOPSTICKS,In the Kitchen,4/25/18
SAVORY DIP,Food &amp; Drink,4/26/18
CROWDED HARBOR,Place,4/27/18
GRAVEL PATH,Place,4/30/18
PURPLE ORCHIDS,Living Things,5/1/18
AUDITIONING FOR A PLAY,Show Biz,5/2/18
PAGEANT COMPETITOR,Person,5/3/18
POLKA-DOT BOXERS,What Are You Wearing?,5/4/18
MOUNTAIN HIDEAWAY,Place,5/7/18
MAJOR OBJECTIVE,Thing,5/8/18
WALKING MY BIKE,What Are You Doing?,5/9/18
A PAIR OF GOLDFINCHES,Living Things,5/10/18
VACATION HOME,Place,5/11/18
HOODED JACKET,What Are You Wearing?,5/14/18
ADORABLE GUINEA PIG,Living Thing,5/15/18
QUART OF JUICE,Food &amp; Drink,5/16/18
OSHKOSH AND MILWAUKEE,On the Map,5/17/18
HOWLING WOLVES,Living Things,5/18/18
DAVENPORT IOWA,On the Map,5/21/18
ORDERING APPETIZERS,What Are You Doing?,5/22/18
PIPING HOT BROTH,Food &amp; Drink,5/23/18
QUACKING DUCKS,Living Things,5/24/18
MY FAVORITE CARDIGAN,What Are You Wearing?,5/25/18
MAKING QUICK WORK OF IT,What Are You Doing?,5/28/18
A GROUP OF HEDGEHOGS,Living Things,5/29/18
WOKS AND PANS,In the Kitchen,5/30/18
MOVING BOXES,Around the House,5/31/18
ANTIQUE HUTCH,Around the House,6/1/18
YOUNG JACKRABBIT,Living Thing,6/4/18
HIGHLY GIFTED CHILD,Person,6/5/18
I GOOFED UP,Phrase,6/6/18
WACKY NEIGHBORS,People,6/7/18
BAGGAGE HANDLER,Occupation,6/8/18
BAKING DISHES,In the Kitchen,9/10/18
QUITE A FEW,Phrase,9/11/18
BULKY PACKAGE,Thing,9/12/18
LIGHTWEIGHT BLAZER,What Are You Wearing?,9/13/18
BLOWING A HUGE BUBBLE,Fun &amp; Games,9/14/18
YOU HAVE TO HURRY,Phrase,9/17/18
JAZZ CLUBS,Places,9/18/18
WINDOW BOXES,Around the House,9/19/18
CHOPPING BLOCK,In the Kitchen,9/20/18
QUART OF ALMOND MILK,Food &amp; Drink,9/21/18
WHITE ORCHIDS,Living Things,9/24/18
OUT OF WHACK,Phrase,9/25/18
SPICY GOULASH,Food &amp; Drink,9/26/18
ORGANIC KALE AND SPINACH,Food &amp; Drink,9/27/18
HIGH BIDDERS,People,9/28/18
BOLIVIA AND PERU,On the Map,10/1/18
PLAYING HOPSCOTCH,Fun &amp; Games,10/2/18
MAPLE TAFFY,Food &amp; Drink,10/3/18
BIKING TO WORK,What Are You Doing?,10/4/18
VICTORY PARADE,Event,10/5/18
PORCELAIN GRAVY BOAT,Around the House,10/8/18
GREYHOUND PUPPY,Living Thing,10/9/18
CAUSING AN UPROAR,What Are You Doing?,10/10/18
PHOENIX AND FLAGSTAFF,On the Map,10/11/18
MIGHTY FINE,Phrase,10/12/18
APRICOT JAM,Food &amp; Drink,10/15/18
PAVILION IN THE PARK,Place,10/16/18
BUYING A VEHICLE,Event,10/17/18
OLIVE KHAKIS,What Are You Wearing?,10/18/18
COMBING MY HAIR,What Are You Doing?,10/19/18
BATH PRODUCTS,Around the House,10/22/18
COUGARS IN THE WILD,Living Things,10/23/18
FUN TO WATCH,Phrase,10/24/18
A YOUTHFUL GUY,Person,10/25/18
IN A FEW HOURS,Phrase,10/26/18
BEYOND DESCRIPTION,Phrase,10/29/18
FOLDING WORKBENCH,Around the House,10/30/18
MIXING PAINT,What Are You Doing?,10/31/18
POISED FOR VICTORY,Phrase,11/1/18
PAIR OF COWBOY BOOTS,What Are You Wearing?,11/2/18
MICROWAVE EGG POACHER,In the Kitchen,11/5/18
POSITIVE OUTCOME,Thing,11/6/18
VIDEO ARCADE,Place,11/7/18
NEW GOLF BAG,Fun &amp; Games,11/8/18
HEAVYWEIGHT BOXER,Person,11/9/18
JOYFUL PARTYGOERS,People,11/12/18
A JOURNEY BY FOOT,Event,11/13/18
ICY BLIZZARD,Event,11/14/18
JUST A GLIMPSE,Phrase,11/15/18
I FOUND OUT,Phrase,11/16/18
BUBBLING OVER WITH JOY,What Are You Doing?,11/19/18
QUOTE OF THE DAY,Thing,11/20/18
MADAGASCAR,On the Map,11/21/18
WOMBATS AND KOALAS,Living Things,11/22/18
FIXING A GLITCH,What Are You Doing?,11/23/18
A BOWL OF YOGURT,Food &amp; Drink,11/26/18
POWER OUTAGES,Events,11/27/18
JUICY AND DELICIOUS,Phrase,11/28/18
FLEXING MY BICEPS,What Are You Doing?,11/29/18
HIGHLY QUESTIONABLE,Phrase,11/30/18
PROMS AND GALAS,Events,12/3/18
WAY ABOVE AVERAGE,Phrase,12/4/18
OVERCOMING HURDLES,What Are You Doing?,12/5/18
HAWKS IN FLIGHT,Living Things,12/6/18
FUZZY PAJAMAS,What Are You Wearing?,12/7/18
YOU HAVE A CHOICE,Phrase,12/10/18
PUSHING FORWARD,What Are You Doing?,12/11/18
OUT OF PRACTICE,Phrase,12/12/18
BOILED CABBAGE,Food &amp; Drink,12/13/18
WORLDS APART,Phrase,12/14/18
HUGE WAVE,Thing,12/17/18
NEWBORN FAWN,Living Thing,12/18/18
DOCKING A BOAT,What Are You Doing?,12/19/18
APPLYING FOR A JOB,What Are You Doing?,12/20/18
PROSPECTIVE BUYER,Person,12/21/18
BUMPY FLIGHT,Event,12/24/18
BAGGY JEANS,What Are You Wearing?,12/25/18
DUMB JOKES,Fun &amp; Games,12/26/18
HAVING A LAUGH,What Are You Doing?,12/27/18
ZUCCHINI MUFFIN,Food &amp; Drink,12/28/18
DRIED MANGO,Food &amp; Drink,12/31/18
AMAZING DISCOVERY,Event,1/1/19
BAG OF YUMMY CANDY,Food &amp; Drink,1/2/19
DOUBLE-PARKING,What Are You Doing?,1/3/19
MATH PRODIGY,Person,1/4/19
FAMILY PICNIC,Event,1/7/19
FOXES AND HOUNDS,Living Things,1/8/19
FINANCIAL BACKER,Person,1/9/19
BOBBING FOR APPLES,Fun &amp; Games,1/10/19
FLIPPING THROUGH PAGES,What Are You Doing?,1/11/19
YOUR OWN BACKYARD,Place,1/14/19
FLOPPY BEACH HAT,What Are You Wearing?,1/15/19
ANNOYING BUZZER,Thing,1/16/19
FANCY CUPCAKES,Food &amp; Drink,1/17/19
BUYING VOWELS,Fun &amp; Games,1/18/19
MUTUAL ACQUAINTANCE,Person,1/21/19
BAFFLING DECISION,Thing,1/22/19
RAW VEGGIES,Food &amp; Drink,1/23/19
PUBLIC FIGURE,Person,1/24/19
WATCHING A WORKOUT VIDEO,Fun &amp; Games,1/25/19
APPETIZING MEAL,Food &amp; Drink,1/28/19
WRITING A DAILY JOURNAL,What Are You Doing?,1/29/19
GATHER YOUR WITS,Phrase,1/30/19
HIPPOS AND GIRAFFES,Living Things,1/31/19
DOUBLE THE AMOUNT,Phrase,2/1/19
VERY HEAVY DOWNPOUR,Event,2/4/19
DRAWING A BLANK,What Are You Doing?,2/5/19
QUIT GOOFING AROUND,Phrase,2/6/19
DOVES AND OWLS,Living Things,2/7/19
A PROVEN FACT,Thing,2/8/19
ADVENTUROUS JOURNEY,Event,2/11/19
HOODED CARDIGAN,What Are You Wearing?,2/12/19
PAVED DRIVEWAY,Place,2/13/19
COZY NOOK,Place,2/14/19
GOOEY TOPPING,Food &amp; Drink,2/15/19
MAJOR BOULEVARD,Place,2/18/19
OBVIOUS QUESTION,Thing,2/19/19
FROZEN BAGELS,Food &amp; Drink,2/20/19
BASE OF OPERATIONS,Place,2/21/19
PUMPKIN RAVIOLI,Food &amp; Drink,2/22/19
WILD DAFFODILS,Living Things,2/25/19
JOT DOWN YOUR IDEAS,Phrase,2/26/19
BINGO PLAYER,Person,2/27/19
BIKE PATHS,Places,2/28/19
A VERY BIG HOUSE,Place,3/1/19
JACK OF DIAMONDS,Fun &amp; Games,3/4/19
AVID GOLF FAN,Person,3/5/19
FRAGRANT BOUQUET,Thing,3/6/19
CHECK BACK WITH US,Phrase,3/7/19
A COOL HOBBY SHOP,Place,3/8/19
JOKE OF THE DAY,Fun &amp; Games,3/11/19
THICK GUMBO,Food &amp; Drink,3/12/19
COMPANY FOUNDER,Person,3/13/19
DELIGHTFUL BANQUET,Event,3/14/19
POD OF WHALES,Living Things,3/15/19
IT MIGHT BE HELPFUL,Phrase,3/18/19
CROWDED WHARF,Place,3/19/19
FIXING MY HAIR,What Are You Doing?,3/20/19
BOUNCE AROUND,Phrase,3/21/19
ACTING GOOFY,What Are You Doing?,3/22/19
PACIFIC HALIBUT,Living Thing,3/25/19
PHILANTHROPIC ORGANIZATION,Thing,3/26/19
A BOX OF GOODIES,Thing,3/27/19
I WAS KIDDING,Phrase,3/28/19
YOU MAY HAVE A POINT,Phrase,3/29/19
I HOPE YOU JOIN,Phrase,4/1/19
PUFFY QUILT,Around the House,4/2/19
YUMMY FIGS AND OLIVES,Food &amp; Drink,4/3/19
OUR FAVORITE HANGOUT,Place,4/4/19
GLITZY AFFAIR,Event,4/5/19
AUTHORS AND BLOGGERS,People,4/8/19
JOB APPLICANTS,People,4/9/19
HIGH ACHIEVER,Person,4/10/19
CUBED HAM,Food &amp; Drink,4/11/19
AVOCADO APPETIZER,Food &amp; Drink,4/12/19
HAPPY AND JOYFUL,Phrase,4/15/19
WALKING MY DOG,What Are You Doing?,4/16/19
QUAINT CABIN,Place,4/17/19
FABULOUS WEDDING CAKE,Food &amp; Drink,4/18/19
HOLIDAY BASHES,Events,4/19/19
BOUND FOR HOME,Phrase,4/22/19
A QUICK OVERVIEW,Thing,4/23/19
AWKWARD PAUSE,Thing,4/24/19
HIDDEN CAVE,Place,4/25/19
A BUNCH OF GOOD KIDS,People,4/26/19
ZOMBIE MOVIE,Show Biz,4/29/19
PAYING WITH CASH,What Are You Doing?,4/30/19
FASHIONABLE BOUTIQUE,Place,5/1/19
JUDGE AND BAILIFF,Occupations,5/2/19
KEEP FORGING AHEAD,Phrase,5/3/19
MAJOR VOYAGE,Event,5/6/19
BLUFFING,What Are You Doing?,5/7/19
QUICK TO JUDGE,Phrase,5/8/19
WAKING UP AT DAWN,What Are You Doing?,5/9/19
SO MUCH HYPE,Phrase,5/10/19
FOAMY BEVERAGE,Food &amp; Drink,5/13/19
HAPPY BABIES,People,5/14/19
WORKING IT OFF,What Are You Doing?,5/15/19
QUIRKY AUTHOR,Person,5/16/19
I OWE YOU A FAVOR,Phrase,5/17/19
BUZZING AROUND TOWN,What Are You Doing?,5/20/19
QUITE A BIT,Phrase,5/21/19
YOU WON THE JACKPOT,Phrase,5/22/19
PACKING,What Are You Doing?,5/23/19
BACKYARD HIDEAWAY,Place,5/24/19
HOCKEY MOMS,People,5/27/19
MOVING AWAY,What Are You Doing?,5/28/19
WYOMING AND THE DAKOTAS,On the Map,5/29/19
WAVING,What Are You Doing?,5/30/19
PICKING MY OUTFIT,What Are You Doing?,5/31/19
JUMPING ON THE BANDWAGON,What Are You Doing?,6/3/19
A VIVID PHOTO,Thing,6/4/19
AMAZING BODY OF WORK,Thing,6/5/19
SWIFT JACKRABBIT,Living Thing,6/6/19
JOINING A CLUB,What Are You Doing?,6/7/19
POPULAR FADS,Things,9/14/20
AT FACE VALUE,Phrase,9/15/20
JUICY BURGERS,Food &amp; Drink,9/16/20
DOLPHINS AT PLAY,Living Things,9/17/20
ROYAL BANQUET,Event,9/18/20
GALA AFFAIR,Event,9/21/20
JOIN THE GROUP,Phrase,9/22/20
MAJOR CITY,Place,9/23/20
VISIONARY GENIUS,Person,9/24/20
AMBITIOUS GOAL,Thing,9/25/20
BEYOND ALL DOUBT,Phrase,9/28/20
THICK QUILT,Around the House,9/29/20
CERAMIC MIXING BOWLS,In the Kitchen,9/30/20
HOMEMADE TAFFY,Food &amp; Drink,10/1/20
THAT WOULD BE IDEAL,Phrase,10/2/20
BABY KOALAS,Living Things,10/5/20
WALKING AROUND,What Are You Doing?,10/6/20
PRIVATE CHEF,Occupation,10/7/20
IN PLAIN VIEW,Phrase,10/8/20
QUALIFIED FOR THE JOB,Phrase,10/9/20
MY FAVORITE HANGOUT,Place,10/12/20
OFFERING A HAND,What Are You Doing?,10/13/20
YOUNG AND BRASH,Phrase,10/14/20
BUZZING WITH ACTIVITY,Phrase,10/15/20
QUART OF WHOLE MILK,Food &amp; Drink,10/16/20
A DOZEN BAGELS,Food &amp; Drink,10/19/20
I APPLAUD YOU,Phrase,10/20/20
YEARLY FESTIVAL,Event,10/21/20
FIXING MY BIKE,What Are You Doing?,10/22/20
HONEYSUCKLE VINE,Living Thing,10/23/20
JOT DOWN YOUR GOALS,Phrase,10/26/20
HUGGING MY PILLOW,What Are You Doing?,10/27/20
HUMORIST,Person,10/28/20
SAVORY APPETIZER,Food &amp; Drink,10/29/20
A HUGE CROWD,People,10/30/20
BUSY AIRPORT,Place,11/2/20
PAYING THE FARE,What Are You Doing?,11/3/20
WORK GLOVES,What Are You Wearing?,11/4/20
YUMMY BROWNIES,Food &amp; Drink,11/5/20
NOTHING TO QUIBBLE ABOUT,Phrase,11/6/20
DELICIOUS WAFFLES,Food &amp; Drink,11/9/20
FABULOUS VIEW,Thing,11/10/20
BROWSING,What Are You Doing?,11/11/20
SIDEWALK HOPSCOTCH,Fun &amp; Games,11/12/20
A HOT WOK,In the Kitchen,11/13/20
POPULAR BAKERY,Place,11/16/20
WOBBLY CHAIR,Thing,11/17/20
FLUFFY BISCUITS,Food &amp; Drink,11/18/20
PIPING HOT GUMBO,Food &amp; Drink,11/19/20
JUBILANT HOMECOMING,Event,11/20/20
BAGGY UNIFORM,What Are You Wearing?,11/23/20
BUYING A JACKET,What Are You Doing?,11/24/20
ICING SPATULA,In the Kitchen,11/25/20
FANCY WATCH,What Are You Wearing?,11/26/20
SAY THE MAGIC WORD,Phrase,11/27/20
A CROWDED BOULEVARD,Place,11/30/20
QUIET NEIGHBORS,People,12/1/20
PAID VACATION,Event,12/2/20
FORMER MAYOR,Person,12/3/20
HAWKS AND OWLS,Living Things,12/4/20
FINDING MY GROOVE,What Are You Doing?,12/7/20
I TOOK A QUICK JAUNT,Phrase,12/8/20
BIKING IN UTAH,Fun &amp; Games,12/9/20
HISTORIC FLIGHT,Event,12/10/20
BEGINNING TO FIZZLE,Phrase,12/11/20
YOUTHFUL APPEARANCE,Thing,12/14/20
IT WAS A MAJOR VICTORY,Phrase,12/15/20
MANUAL JUICER,In the Kitchen,12/16/20
FINICKY KIDS,People,12/17/20
JUMPING AROUND,What Are You Doing?,12/18/20
A POWERFUL JOLT,Thing,12/21/20
FROZEN PIZZA,Food &amp; Drink,12/22/20
A LUXURY BOUTIQUE,Place,12/23/20
FAINT GLOW,Thing,12/24/20
FLEXING BOTH BICEPS,What Are You Doing?,12/25/20
EMPTY JARS,Around the House,12/28/20
WEIGH THE ODDS,Phrase,12/29/20
ANTIQUE WOODEN HUTCH,Around the House,12/30/20
BROILED FISH,Food &amp; Drink,12/31/20
NAVY BLAZER,What Are You Wearing?,1/1/21
BOWL OF APPLES,Food &amp; Drink,1/4/21
QUACKING DUCKLINGS,Living Things,1/5/21
FUDGE POPSICLE,Food &amp; Drink,1/6/21
WE QUICKLY FOUND OUT,Phrase,1/7/21
A WORD PUZZLE,Fun &amp; Games,1/8/21
A WILD BUFFALO,Living Thing,1/11/21
MAKING IT HAPPEN,What Are You Doing?,1/12/21
LOCAL HOBBY SHOP,Place,1/13/21
GOOD BUDDIES,People,1/14/21
PAIR OF CHOPSTICKS,In the Kitchen,1/15/21
FOCUS YOUR MIND,Phrase,1/18/21
QUIET HIDEAWAY,Place,1/19/21
I AM OVERJOYED,Phrase,1/20/21
MY HUMBLE ABODE,Place,1/21/21
JOINING A BAND,What Are You Doing?,1/22/21
A BLOOMING ORCHID,Living Thing,1/25/21
SHOPPING FOR FOOD,What Are You Doing?,1/26/21
BEIGE SLACKS,What Are You Wearing?,1/27/21
CUDDLY DOGS,Living Things,1/28/21
BOUNCING AROUND,Phrase,1/29/21
MOVIE MAGIC,Show Biz,2/1/21
WORKBENCH IN THE GARAGE,Around the House,2/2/21
HUGE BASH,Event,2/3/21
BASED ON AVAILABILITY,Phrase,2/4/21
VOICING AN OPINION,What Are You Doing?,2/5/21
FABULOUS BARGAIN,Thing,2/8/21
PORCELAIN BAKEWARE,In the Kitchen,2/9/21
FOIL AND PLASTIC WRAP,In the Kitchen,2/10/21
GROUNDBREAKING DISCOVERY,Event,2/11/21
CUP OF WARM BROTH,Food &amp; Drink,2/12/21
GARDEN PATH,Place,9/13/21
PLAID BOXERS,What Are You Wearing?,9/14/21
HAPPY CUSTOMER,Person,9/15/21
GOING ON SAFARI,Event,9/16/21
QUIET COVE,Place,9/17/21
EPISODE GUIDE,Show Biz,9/20/21
HOLIDAY FRUITCAKE,Food &amp; Drink,9/21/21
JASMINE BLOOMS,Living Things,9/22/21
A USEFUL DEVICE,Thing,9/23/21
FACE THE FACT,Phrase,9/24/21
YOUR BACK POCKET,Thing,9/27/21
LOOKING FOR A QUICK FIX,What Are You Doing?,9/28/21
GIVE HIM SOME ADVICE,Phrase,9/29/21
DARK GRAY BLAZER,What Are You Wearing?,9/30/21
FRAGILE VASE,Around the House,10/1/21
IN AN AWKWARD POSITION,Phrase,10/4/21
YOU HAVE TO BE KIDDING,Phrase,10/5/21
BABY IGUANA,Living Thing,10/6/21
PIVOTING,What Are You Doing?,10/7/21
HEAVY QUILT,Around the House,10/8/21
FLIPPING OUT,What Are You Doing?,10/11/21
VALUABLE GOODS,Things,10/12/21
QUAINT HOME,Place,10/13/21
VIEWING A MOVIE,What Are You Doing?,10/14/21
BAG OF MIXED VEGGIES,Food &amp; Drink,10/15/21
MAKING A BREAKTHROUGH,Event,10/18/21
FOCUSING ON THE POSITIVE,What Are You Doing?,10/19/21
LIGHTWEIGHT HOODIE,What Are You Wearing?,10/20/21
OUTDOOR JACUZZI,Around the House,10/21/21
IT HAS A HIGH PROBABILITY,Phrase,10/22/21
I BOUGHT A VOWEL,Phrase,10/25/21
A MAJOR DISCOVERY,Event,10/26/21
QUITE PROFOUND,Phrase,10/27/21
THEY DO FABULOUS WORK,Phrase,10/28/21
JUICY PLUMS,Food &amp; Drink,10/29/21
GORGEOUS FAWN,Living Thing,11/1/21
MOVING BACK HOME,What Are You Doing?,11/2/21
CUTE JACKRABBIT,Living Thing,11/3/21
WE GO BY THE BOOK,Phrase,11/4/21
JOCKEYING FOR POSITION,What Are You Doing?,11/5/21
BUZZING WITH IDEAS,Phrase,11/8/21
GIGGLING CHILD,Person,11/9/21
WAVY LAGOON,Place,11/10/21
PAY YOUR DUES,Phrase,11/11/21
JAGUARS IN THE WILD,Living Things,11/12/21
HE WAS BAMBOOZLED,Phrase,11/15/21
I BOUGHT A JACKET,Phrase,11/16/21
WORKING MY WAY BACK,What Are You Doing?,11/17/21
FLOWING BROOK,Place,11/18/21
IT WAS A HUGE CROWD,Phrase,11/19/21
FINICKY CATS,Living Things,11/22/21
BUYING A WHOLE BUNCH,What Are You Doing?,11/23/21
QUACKING LIKE A DUCK,What Are You Doing?,11/24/21
IT HAPPENS DAILY,Phrase,11/25/21
BAMBOO GROVE,Place,11/26/21
GIANT JACKPOT,Thing,11/29/21
FRESH AVOCADO DIP,Food &amp; Drink,11/30/21
QUALIFIED APPLICANT,Person,12/1/21
ADULT HIPPO,Living Thing,12/2/21
FINDING MY WAY,What Are You Doing?,12/3/21
I BEG YOUR PARDON,Phrase,12/6/21
QUIRKY HUMOR,Thing,12/7/21
APPLE CIDER VINEGAR,Food &amp; Drink,12/8/21
FOUNDING MEMBER,Person,12/9/21
FIERCE BLIZZARD,Event,12/10/21
BAY WINDOW,Around the House,12/13/21
SIMPLY BAFFLING,Phrase,12/14/21
KICKING A FIELD GOAL,Fun &amp; Games,12/15/21
A LOAD OFF MY MIND,Phrase,12/16/21
LAUNDRY BASKET,Around the House,12/17/21
YOUNG JOCK,Person,12/20/21
CHOOSING THE RIGHT WORD,What Are You Doing?,12/21/21
HEALTHY APPETIZER,Food &amp; Drink,12/22/21
QUIET BUNGALOW,Place,12/23/21
LOUD MOCKINGBIRD,Living Thing,12/24/21
I WAS PROUD,Phrase,12/27/21
WHOLE WHEAT PASTA,Food &amp; Drink,12/28/21
HYPING UP THE CROWD,What Are You Doing?,12/29/21
GOPHERS AND GROUNDHOGS,Living Things,12/30/21
COMFY PAJAMAS,What Are You Wearing?,12/31/21
FLIPPING THE PAGE,What Are You Doing?,1/3/22
FUZZY BLANKET,Around the House,1/4/22
NEW VACUUM BAGS,Around the House,1/5/22
POOL CUES,Fun &amp; Games,1/6/22
EMBARKING ON A PROJECT,What Are You Doing?,1/7/22
THAT WOULD BE AMAZING,Phrase,1/10/22
DAMP WASHCLOTH,Around the House,1/11/22
WRAPPING IT UP,What Are You Doing?,1/12/22
PLAYFUL GIANT PANDAS,Living Things,1/13/22
FOLDED NAPKINS,Around the House,1/14/22
BROADWAY OPENING,Show Biz,1/17/22
FORMER OFFICIAL,Person,1/18/22
URBAN PARK,Place,1/19/22
I HAVE LOFTY AMBITIONS,Phrase,1/20/22
QUART OF GOAT MILK,Food &amp; Drink,1/21/22
VERBAL EXCHANGE,Thing,1/24/22
QUILTED BEDSPREAD,Around the House,1/25/22
BUYING A NEW JOURNAL,What Are You Doing?,1/26/22
WACKY COSTUME,What Are You Wearing?,1/27/22
AMONG FAMILY,Phrase,1/28/22
OLIVES AND FIGS,Food &amp; Drink,1/31/22
PACKING MY CLOTHES,What Are You Doing?,2/1/22
WAITING FOR YOU,What Are You Doing?,2/2/22
ABOUT THE AUTHOR,Phrase,2/3/22
PUBLIC FANFARE,Thing,2/4/22
VULTURES OVERHEAD,Living Things,2/7/22
A QUICK FLIGHT,Event,2/8/22
JUST YOU WAIT,Phrase,2/9/22
A POPULAR HANGOUT,Place,2/10/22
PROVING MYSELF,What Are You Doing?,2/11/22
THIS IS MY FINAL OFFER,Phrase,2/14/22
RAW ZUCCHINI,Food &amp; Drink,2/15/22
JAYBIRDS,Living Things,2/16/22
AN OBVIOUS EXAMPLE,Thing,2/17/22
GLOOMY CAVE,Place,2/18/22
MEDIA GURU,Person,2/21/22
THEY PAVED THE WAY,Phrase,2/22/22
HURRYING BACK,What Are You Doing?,2/23/22
BUSY OVERACHIEVER,Person,2/24/22
HUNGRY JACKAL,Living Thing,2/25/22
BEYOND MY GRASP,Phrase,2/28/22
BARKING WATCHDOGS,Living Things,3/1/22
BEAMING WITH JOY,What Are You Doing?,3/2/22
FIND A WAY FORWARD,Phrase,3/3/22
PLEASE QUIT GOOFING AROUND,Phrase,3/4/22
POISED AND READY,Phrase,3/7/22
I AM VERY OPTIMISTIC,Phrase,3/8/22
BOWL OF GOULASH,Food &amp; Drink,3/9/22
A MASK AND CAPE,What Are You Wearing?,3/10/22
YUMMY TAFFY,Food &amp; Drink,3/11/22
HANGING OUT AT WORK,What Are You Doing?,3/14/22
FLAVORFUL DUMPLINGS,Food &amp; Drink,3/15/22
WE SHOULD JOIN FORCES,Phrase,3/16/22
EMPTY HAYLOFT,Place,3/17/22
SHOWING AFFECTION,What Are You Doing?,3/18/22
YELLOW DAISIES,Living Things,3/21/22
WIDENING THE GAP,What Are You Doing?,3/22/22
GOING HOME,What Are You Doing?,3/23/22
GIVE ME YOUR OPINION,Phrase,3/24/22
FIGURING IT OUT,What Are You Doing?,3/25/22
OFFERING ADVICE,What Are You Doing?,3/28/22
GIFT BOXES,Things,3/29/22
BROWSE AROUND,Phrase,3/30/22
POD OF GRAY WHALES,Living Things,3/31/22
A DIFFICULT JOURNEY,Event,4/1/22
A VOIDED CHECK,Thing,4/4/22
PICK OF THE BUNCH,Phrase,4/5/22
PIPING HOT CIDER,Food &amp; Drink,4/6/22
PUFFY CARDIGAN,What Are You Wearing?,4/7/22
THE FINAL BUZZER,Fun &amp; Games,4/8/22
ORGANIC YAMS,Food &amp; Drink,4/11/22
VERY HEAVY BAGGAGE,Thing,4/12/22
THE GOLDEN BOY,Person,4/13/22
I WISH YOU WOULD,Phrase,4/14/22
IN THE PUBLIC SQUARE,Phrase,4/15/22
FROZEN YOGURT,Food &amp; Drink,4/18/22
BAKING SUPPLIES,In the Kitchen,4/19/22
BEING PLAYFUL,What Are You Doing?,4/20/22
PROJECT MANAGER,Occupation,4/21/22
I AM AN OPEN BOOK,Phrase,4/22/22
HOLIDAY GALA,Event,4/25/22
A QUICK GETAWAY,Event,4/26/22
A TRICKY PUZZLE,Fun &amp; Games,4/27/22
WORK UNIFORM,What Are You Wearing?,4/28/22
A BUNCH OF KIDS,People,4/29/22
THEY FOUND THE WAY,Phrase,5/2/22
IN A JUBILANT MOOD,Phrase,5/3/22
PACKING MY GYM BAG,What Are You Doing?,5/4/22
PUMP UP THE VOLUME,Phrase,5/5/22
IMPROVING THE QUALITY,What Are You Doing?,5/6/22
PARTING WAYS,What Are You Doing?,5/9/22
OFFICIAL POLICY,Thing,5/10/22
QUITE AMBITIOUS,Phrase,5/11/22
BUILDING A GAZEBO,What Are You Doing?,5/12/22
CAKE BAKING IN THE OVEN,Food &amp; Drink,5/13/22
LEAFY VINE,Living Thing,5/16/22
A LOVELY BOUQUET,Thing,5/17/22
JAZZ CLUB,Place,5/18/22
A FAMILY VISIT,Event,5/19/22
HIGHWAY MAPS,Things,5/20/22
BACK UP YOUR PHOTOS,Phrase,5/23/22
AVERAGE GUY,Person,5/24/22
PINK DAFFODIL,Living Thing,5/25/22
ON THE BANDWAGON,Phrase,5/26/22
WHITE HONEYSUCKLE,Living Thing,5/27/22
GOOD TIMING,Thing,5/30/22
A FAMOUS HOUSE,Place,5/31/22
MOTIVATING MYSELF,What Are You Doing?,6/1/22
BLUFFING IN POKER,Fun &amp; Games,6/2/22
AN EPIC QUEST,Event,6/3/22
GOING UNDEFEATED,Fun &amp; Games,6/6/22
BEAUTIFUL MEADOW,Place,6/7/22
SWIFT FOXES,Living Things,6/8/22
IT BOGGLES THE MIND,Phrase,6/9/22
PACK OF DINGOES,Living Things,6/10/22
HIDING IN PLAIN SIGHT,Phrase,9/12/22
DELICIOUS TAFFY,Food &amp; Drink,9/13/22
A ROYAL FLUSH,Fun &amp; Games,9/14/22
I AM HOPEFUL,Phrase,9/15/22
PROVING MY POINT,What Are You Doing?,9/16/22
PLAYING IN OVERTIME,Fun &amp; Games,9/19/22
PAYING GUEST,Person,9/20/22
YOUNG KOALA,Living Thing,9/21/22
JUNGLE HIDEAWAY,Place,9/22/22
CUTE AND FUZZY,Phrase,9/23/22
JUST FOR FUN,Phrase,9/26/22
HOWLING LIKE A WOLF,What Are You Doing?,9/27/22
FROZEN VEGGIES,Food &amp; Drink,9/28/22
WAFFLE IRON,In the Kitchen,9/29/22
DON'T MAKE WAVES,Phrase,9/30/22
JUICY PEACHES,Food &amp; Drink,10/3/22
QUITE A VIEW,Phrase,10/4/22
YOU MARK MY WORDS,Phrase,10/5/22
OF HIGH VALUE,Phrase,10/6/22
CHOOSE YOUR OWN PATH,Phrase,10/7/22
MOTIVATED PLAYER,Person,10/10/22
PANCAKES MADE FROM SCRATCH,Food &amp; Drink,10/11/22
FLIP THE PAGE,Phrase,10/12/22
PORCELAIN VASE,Around the House,10/13/22
MY HOME GYM,Place,10/14/22
QUALITY BAKEWARE,In the Kitchen,10/17/22
FINANCIAL EXPERT,Person,10/18/22
BEYOND MEASURE,Phrase,10/19/22
PUMPKIN PATCHES,Places,10/20/22
SOLVING PUZZLES,Fun &amp; Games,10/21/22
FANCY BANQUET,Event,10/24/22
MAKE IT QUICK,Phrase,10/25/22
WHITE BLOUSE,What Are You Wearing?,10/26/22
WAKE THE KIDS,Phrase,10/27/22
QUIET BABY,Person,10/28/22
MIGHTY AND POWERFUL,Phrase,10/31/22
YOUR FAIR SHARE,Phrase,11/1/22
QUITE PERPLEXING,Phrase,11/2/22
MAJOR DOWNPOUR,Event,11/3/22
HIS MAN CAVE,Place,11/4/22
PRIVATE DRIVEWAY,Place,11/7/22
A FRIGID POND,Place,11/8/22
SQUEAKY HINGE,Around the House,11/9/22
LAVISH GALA,Event,11/10/22
WE LOVE PIZZA,Phrase,11/11/22
GUAVA CAKE,Food &amp; Drink,11/14/22
ABOUT TO DOZE OFF,Phrase,11/15/22
I WAS BLUFFING,Phrase,11/16/22
AIRPLANE HANGAR,Place,11/17/22
NO TIME TO QUIBBLE,Phrase,11/18/22
BE QUICK ABOUT IT,Phrase,11/21/22
YOUTUBER,Person,11/22/22
DOWN JACKET,What Are You Wearing?,11/23/22
WAITING AROUND,What Are You Doing?,11/24/22
WAKING UP AT NIGHT,What Are You Doing?,11/25/22
KIDS AT PLAY,People,11/28/22
AN OLD FARMHOUSE,Place,11/29/22
A VAGUE CONCEPT,Thing,11/30/22
PAYING MY OWN WAY,What Are You Doing?,12/1/22
A BOWL OF GUMBO,Food &amp; Drink,12/2/22
A FAINT HOPE,Thing,12/5/22
AVOIDING HURDLES,What Are You Doing?,12/6/22
FLUFFY HARE,Living Thing,12/7/22
QUICK TO ACTION,Phrase,12/8/22
FIXING A LEAK,What Are You Doing?,12/9/22
BIRTHDAY BASH,Event,12/12/22
A PANEL OF JUDGES,People,12/13/22
DON'T QUOTE ME,Phrase,12/14/22
PLAYFUL DOLPHINS,Living Things,12/15/22
APPLYING OURSELVES,What Are You Doing?,12/16/22
FROM THE GROUND UP,Phrase,12/19/22
PLAYING THE TUBA,What Are You Doing?,12/20/22
IF YOU KNOW WHAT I MEAN,Phrase,12/21/22
IMPROVISING,What Are You Doing?,12/22/22
INFORMAL GATHERING,Event,12/23/22
THE BIG FINISH,Event,12/26/22
A QUICK PIVOT,Thing,12/27/22
BRIGHT KIDS,People,12/28/22
A BOLD CHOICE,Thing,12/29/22
ORIGINAL FOUNDER,Person,12/30/22
WORKING HARD,What Are You Doing?,1/2/23
HAWAIIAN CUISINE,Food &amp; Drink,1/3/23
POWERFUL JAGUAR,Living Thing,1/4/23
QUIET NEIGHBORHOOD,Place,1/5/23
IN HIGH GEAR,Phrase,1/6/23
RHUBARB JAM,Food &amp; Drink,1/9/23
I BOUGHT IT ON A WHIM,Phrase,1/10/23
THEY OWE ME A FAVOR,Phrase,1/11/23
FOAMY MILK,Food &amp; Drink,1/12/23
MOVING FAR AWAY,What Are You Doing?,1/13/23
LARGE PACKING BOXES,Around the House,1/16/23
BABY HIPPOS,Living Things,1/17/23
POISED FOR ACTION,Phrase,1/18/23
BUST A MOVE,Phrase,1/19/23
A PECULIAR QUIRK,Thing,1/20/23
WAVING MY HANDS,What Are You Doing?,1/23/23
CERAMIC COOKWARE,In the Kitchen,1/24/23
BAFFLING MYSTERY,Thing,1/25/23
TAKING A QUICK JOG,Fun &amp; Games,1/26/23
CHROME FAUCET,Around the House,1/27/23
BINGO NIGHT,Event,1/30/23
PLUSH BATHROBE,What Are You Wearing?,1/31/23
A SLICE OF HONEYDEW,Food &amp; Drink,2/1/23
WILD ORCHID,Living Thing,2/2/23
TOYING WITH THE IDEA,What Are You Doing?,2/3/23
ON A DAILY BASIS,Phrase,2/6/23
WE JOINED A GYM,Phrase,2/7/23
ALMOST ENOUGH,Phrase,2/8/23
AUTOGRAPHED COPY,Thing,2/9/23
WAY AHEAD OF THE CROWD,Phrase,2/10/23
PANCAKES AND WAFFLES,Food &amp; Drink,2/13/23
LONG FLOWING ROBE,What Are You Wearing?,2/14/23
WE GO WAY BACK,Phrase,2/15/23
WARM GOOEY BROWNIES,Food &amp; Drink,2/16/23
FOCUSING ON MY WORK,What Are You Doing?,2/17/23
COOKIE DOUGH,Food &amp; Drink,2/20/23
IT ALWAYS HAPPENS,Phrase,2/21/23
JUMP AROUND,Phrase,2/22/23
SOCIALIZING,What Are You Doing?,2/23/23
ACHIEVING MY GOALS,What Are You Doing?,2/24/23
THAT WAS FUNNY,Phrase,2/27/23
WHAT A CUTE OUTFIT,Phrase,2/28/23
FASHION MOGUL,Person,3/1/23
HOMECOMING PARADE,Event,3/2/23
MY FAVORITE AUTHOR,Person,3/3/23
CANDY JAR,Around the House,3/6/23
HUGE FACILITY,Place,3/7/23
HAPPY TO HEAR THAT,Phrase,3/8/23
A HEAVY OVERCOAT,What Are You Wearing?,3/9/23
OUT FOR A JAUNT,Phrase,3/10/23
NEW MUSEUM WING,Place,3/13/23
NOTHING FAZES YOU,Phrase,3/14/23
IDENTICAL TWINS,People,3/15/23
BOOKING A FLIGHT,What Are You Doing?,3/16/23
FOUNDING PARTNER,Person,3/17/23
AWESOME DIGITAL PHOTOS,Things,3/20/23
HIS MIND IS WANDERING,Phrase,3/21/23
A NICE VIEW FROM THE TOP,Phrase,3/22/23
QUALIFIED JUDGE,Person,3/23/23
HAVING YOU BY MY SIDE,Phrase,3/24/23
BAKING A POUND CAKE,What Are You Doing?,3/27/23
MAKING A BOLD COMEBACK,What Are You Doing?,3/28/23
BIG FLUFFY PILLOW,Around the House,3/29/23
WIDE BOULEVARDS,Places,3/30/23
JOYOUS OCCASIONS,Events,3/31/23
FINDING OUR OWN WAY,What Are You Doing?,4/3/23
AVID HOCKEY FANS,People,4/4/23
AUDITING,What Are You Doing?,4/5/23
JUST WINGING IT,What Are You Doing?,4/6/23
A JOVIAL CROWD,People,4/7/23
PAVED WALKWAY,Place,4/10/23
WAITING IT OUT,What Are You Doing?,4/11/23
FUN OUTDOOR FESTIVAL,Event,4/12/23
IT WAS JUST A HUNCH,Phrase,4/13/23
FINISHING MY WORKOUT,What Are You Doing?,4/14/23
HANDHELD VACUUM,Around the House,4/17/23
FAVORS AND GIFTS,Things,4/18/23
YOUNG AND HIP,Phrase,4/19/23
BRIEF POWER OUTAGE,Event,4/20/23
HIGHLY DEBATABLE,Phrase,4/21/23
AN EPIC VOYAGE,Event,4/24/23
JOINING THE FRAY,What Are You Doing?,4/25/23
QUAINT FAMILY FARM,Place,4/26/23
ADVISORY BOARD,People,4/27/23
FAR FROM AVERAGE,Phrase,4/28/23
FORGING AHEAD,What Are You Doing?,5/1/23
OLD WICKER CHAIR,Around the House,5/2/23
MY PRIVATE HIDEOUT,Place,5/3/23
AN OBVIOUS QUESTION,Thing,5/4/23
VAGUELY FAMILIAR,Phrase,5/5/23
PAY THEM A VISIT,Phrase,5/8/23
WORK OUT THE KINKS,Phrase,5/9/23
A WHIMSICAL JOKE,Fun &amp; Games,5/10/23
TIME FOR AN UPGRADE,Phrase,5/11/23
QUICK FOXES,Living Things,5/12/23
PROVIDING VALUABLE INFO,What Are You Doing?,5/15/23
VALIANT EFFORT,Thing,5/16/23
FORMING A FOUNDATION,What Are You Doing?,5/17/23
THAT WAS A PIVOTAL FACTOR,Phrase,5/18/23
UNACHIEVABLE GOAL,Thing,5/19/23
USING OFFICE JARGON,What Are You Doing?,5/22/23
FANCY BOUTIQUE,Place,5/23/23
ALWAYS EVOLVING,Phrase,5/24/23
WAY OVERBOARD,Phrase,5/25/23
ACING A POP QUIZ,What Are You Doing?,5/26/23
STAY AFLOAT,Phrase,5/29/23
GIFTED YOUNG POET,Person,5/30/23
YOUR VIVID IMAGINATION,Thing,5/31/23
FINICKY PUPPY,Living Thing,6/1/23
FOCUS ON THE JOB,Phrase,6/2/23
OPEN BANK VAULT,Place,6/5/23
WEIGHING OUR OPTIONS,What Are You Doing?,6/6/23
WILD ABOUT IT,Phrase,6/7/23
THEY FIZZLED OUT,Phrase,6/8/23
CHECKING MY PHONE AGAIN,What Are You Doing?,6/9/23
OVERTIME VICTORY,Fun &amp; Games,9/11/23
WHIRLING AROUND,Phrase,9/12/23
OBTAINING MY GOALS,What Are You Doing?,9/13/23
A POPULAR BOUTIQUE,Place,9/14/23
BAKED CANDIED YAMS,Food &amp; Drink,9/15/23
UNWAVERING VOICE,Thing,9/18/23
A JUBILANT GROUP,People,9/19/23
OUTDOOR FESTIVAL,Event,9/20/23
BUILD A FIRM FOUNDATION,Phrase,9/21/23
JUST BLUFFING,What Are You Doing?,9/22/23
GO FOR A WALK,Phrase,9/25/23
OVERDUE FOR AN UPGRADE,Phrase,9/26/23
FORMAL GALA,Event,9/27/23
WE BEGAN A PROJECT,Phrase,9/28/23
A DIFFICULT UPHILL HIKE,Thing,9/29/23
VIEWING A FILM,What Are You Doing?,10/2/23
SEAFOOD GUMBO,Food &amp; Drink,10/3/23
PRACTICAL JOKE,Fun &amp; Games,10/4/23
GLASS BAKEWARE,In the Kitchen,10/5/23
PROFOUND IMPACT,Thing,10/6/23
OVERCOMING MY FEARS,What Are You Doing?,10/9/23
PROVIDING GUIDANCE,What Are You Doing?,10/10/23
FORMER OCCUPANT,Person,10/11/23
FLUFFY RABBIT,Living Thing,10/12/23
FORMING BONDS,What Are You Doing?,10/13/23
NEW YOGA PANTS,What Are You Wearing?,10/16/23
I AM POISED FOR VICTORY,Phrase,10/17/23
AMONG THE VERY BEST,Phrase,10/18/23
LIGHT APPETIZER,Food &amp; Drink,10/19/23
COME JOIN THE PARTY,Phrase,10/20/23
WHIRLPOOL BATHTUB,Around the House,10/23/23
WHISKED AWAY,Phrase,10/24/23
A COZY HOME,Place,10/25/23
KICKING THINGS OFF,What Are You Doing?,10/26/23
BOX OFFICE,Place,10/27/23
MOVING RIGHT ALONG,What Are You Doing?,10/30/23
IMPROVING OUR CHANCES,What Are You Doing?,10/31/23
IT MIGHT BE USEFUL,Phrase,11/1/23
OFFBEAT IDEA,Thing,11/2/23
PICK WISELY,Phrase,11/3/23
HYPE UP THE CROWD,Phrase,11/6/23
VALUABLE WORK,Thing,11/7/23
ENJOYING THE JOURNEY,What Are You Doing?,11/8/23
QUICK FAVOR TO ASK,Phrase,11/9/23
A LIVELY BUNCH OF KIDS,People,11/10/23
EXCHANGING VOWS,What Are You Doing?,11/13/23
DRIZZLED HONEY,Food &amp; Drink,11/14/23
OUR USUAL HANGOUT,Place,11/15/23
FAMOUS AUTHORS,People,11/16/23
A JUICY BURGER,Food &amp; Drink,11/17/23
YOUNG VISIONARY,Person,11/20/23
VOUCH FOR THEM,Phrase,11/21/23
AHEAD OF THE PACK,Phrase,11/22/23
VERY AMBITIOUS,Phrase,11/23/23
LIGHT AND BUBBLY,Phrase,11/24/23
HANDPICKED VEGGIES,Food &amp; Drink,11/27/23
PAY US A VISIT,Phrase,11/28/23
FOLLOWING A PATH,What Are You Doing?,11/29/23
A BIT FUZZY,Phrase,11/30/23
GIVE ME ADVICE,Phrase,12/1/23
A BRIGHT YOUNGSTER,Person,12/4/23
SPIFFY BLAZER,What Are You Wearing?,12/5/23
JUST HUMOR ME,Phrase,12/6/23
OPENING A JAR,What Are You Doing?,12/7/23
A PRIVATE COVE,Place,12/8/23
A FAVORABLE OUTCOME,Thing,12/11/23
A QUART OF JUICE,Food &amp; Drink,12/12/23
AMONG OTHER THINGS,Phrase,12/13/23
THUMBING THROUGH A BOOK,What Are You Doing?,12/14/23
A WALK IN THE PARK,Phrase,12/15/23
PAVED BOULEVARD,Place,12/18/23
IN A FEW HOURS,Phrase,12/19/23
BY LEAPS AND BOUNDS,Phrase,12/20/23
BACK PATIO,Place,12/21/23
NO QUESTION ABOUT IT,Phrase,12/22/23
VOICING OUR OPINION,What Are You Doing?,12/25/23
WAITING FOR MY OPPORTUNITY,What Are You Doing?,12/26/23
VACATIONING ABROAD,What Are You Doing?,12/27/23
QUITE ALIKE,Phrase,12/28/23
WARM MUFFINS,Food &amp; Drink,12/29/23
ON THEIR BEHALF,Phrase,1/1/24
A PUBLIC OFFICIAL,Person,1/2/24
WE HIT THE JACKPOT,Phrase,1/3/24
KNOWN FAR AND WIDE,Phrase,1/4/24
PACKING A SNACK,What Are You Doing?,1/5/24
DAILY HOROSCOPE,Thing,1/8/24
BROWSING THE AISLES,What Are You Doing?,1/9/24
ON A WHIM,Phrase,1/10/24
BAGELS &amp; DOUGHNUTS,Food &amp; Drink,1/11/24
MAKE A WISE CHOICE,Phrase,1/12/24
PAINTING A VIVID PICTURE,What Are You Doing?,1/15/24
OUT OF FOCUS,Phrase,1/16/24
MOVING AROUND,What Are You Doing?,1/17/24
MAJOR BLIZZARD,Event,1/18/24
WORTH THE WAIT,Phrase,1/19/24
TIDYING UP THE HOUSE,What Are You Doing?,1/22/24
FLUFFY FLAPJACKS,Food &amp; Drink,1/23/24
SPEAKING FRANKLY,What Are You Doing?,1/24/24
I WANT TO BUY A FEW THINGS,Phrase,1/25/24
I JUMPED AT THE CHANCE,Phrase,1/26/24
WE CAN BOUNCE BACK,Phrase,1/29/24
PINK ORCHID,Living Thing,1/30/24
HOLIDAY BASH,Event,1/31/24
IT'S BEYOND ME,Phrase,2/1/24
INQUIRE WITHIN,Phrase,2/2/24
PAID IN FULL,Phrase,2/5/24
CATCH ME IF YOU CAN,Phrase,2/6/24
SAVORY PIES AND CAKES,Food &amp; Drink,2/7/24
BEIGE CARDIGAN,What Are You Wearing?,2/8/24
THIS IS FAR FROM OVER,Phrase,2/9/24
BUNDLING UP,What Are You Doing?,2/12/24
YEARLY BANQUET,Event,2/13/24
TAKE A NEW APPROACH,Phrase,2/14/24
OUTER LOBBY,Place,2/15/24
STAYING FOCUSED,What Are You Doing?,2/16/24
JUST SAY THE WORD,Phrase,2/19/24
THAT'S MY POINT,Phrase,2/20/24
HATS OFF TO YOU,Phrase,2/21/24
WRAP IT UP,Phrase,2/22/24
JOINING A BOOK CLUB,What Are You Doing?,2/23/24
A FUN NEW HOBBY,Thing,2/26/24
WIDE EMPTY FIELD,Place,2/27/24
DO YOURSELF A FAVOR,Phrase,2/28/24
FABULOUS SHINDIG,Event,2/29/24
YOU HAVE OPTIONS,Phrase,3/1/24
SUPPORTIVE COLLEAGUE,Person,3/4/24
STAYING ABOVE THE FRAY,What Are You Doing?,3/5/24
I AM LOVING LIFE RIGHT NOW,Phrase,3/6/24
WORKS LIKE MAGIC,Phrase,3/7/24
YOU SHOULD BE PROUD,Phrase,3/8/24
IN MY COMFORT ZONE,Phrase,3/11/24
FLIP A COIN,Phrase,3/12/24
PROFOUND WISDOM,Thing,3/13/24
WE ARE MOVING FORWARD,Phrase,3/14/24
WANDER AROUND,Phrase,3/15/24
THEY HAVE GOOD QUALITIES,Phrase,3/18/24
I HAVE YOUR BACK,Phrase,3/19/24
WE ARE IN A HURRY,Phrase,3/20/24
ALL KIDDING ASIDE,Phrase,3/21/24
POINTING THE WAY,What Are You Doing?,3/22/24
IT WAS A FLUKE,Phrase,3/25/24
BEACH BUNGALOW,Place,3/26/24
WE HAD A LAUGH,Phrase,3/27/24
THEY ARE GIDDY,Phrase,3/28/24
PIPING HOT BISCUITS,Food &amp; Drink,3/29/24
DRIED PAPAYA,Food &amp; Drink,4/1/24
A POD OF DOLPHINS,Living Things,4/2/24
ON SHAKY GROUND,Phrase,4/3/24
AVID FAN,Person,4/4/24
CHECK YOUR INBOX,Phrase,4/5/24
BUMPY PATH,Place,4/8/24
EVALUATING THE WORK,What Are You Doing?,4/9/24
GRAVEL WALKWAY,Place,4/10/24
THAT IS WACKY,Phrase,4/11/24
FIXING MY ROOF,What Are You Doing?,4/12/24
QUACKING DUCK,Living Thing,4/15/24
HOMECOMING,Event,4/16/24
POSTING A VIDEO,What Are You Doing?,4/17/24
WRAPPING SOME GIFTS,What Are You Doing?,4/18/24
JUMP AT THE OPPORTUNITY,Phrase,4/19/24
PICNIC PAVILION,Place,4/22/24
WHIRLWIND YEAR,Thing,4/23/24
TAPIOCA PUDDING,Food &amp; Drink,4/24/24
KIND OF WEIRD,Phrase,4/25/24
HONEYSUCKLE,Living Thing,4/26/24
PRIVATE HIDEAWAY,Place,4/29/24
WAXING THE CAR,What Are You Doing?,4/30/24
EMBARKING ON A NEW CHAPTER,What Are You Doing?,5/1/24
OUT OF SIGHT,Phrase,5/2/24
FOR WHAT IT'S WORTH,Phrase,5/3/24
PIANO KEYS,Things,5/6/24
DICED AVOCADO,Food &amp; Drink,5/7/24
VINTAGE HANDBAG,Thing,5/8/24
MOUNTAIN BIKER,Person,5/9/24
DABBLING IN MUSIC,What Are You Doing?,5/10/24
PUSH AHEAD,Phrase,5/13/24
COMPARING PRICES,What Are You Doing?,5/14/24
BUILDING A HOUSE,What Are You Doing?,5/15/24
YOU BE THE JUDGE,Phrase,5/16/24
GOOD ENOUGH,Phrase,5/17/24
VALIDATING MY TICKET,What Are You Doing?,5/20/24
THAT'S BAFFLING,Phrase,5/21/24
QUIBBLING,What Are You Doing?,5/22/24
CHEWY TAFFY,Food &amp; Drink,5/23/24
JOCKEY FOR POSITION,Phrase,5/24/24
OPULENT WEDDING,Event,5/27/24
DIVIDED HIGHWAY,Place,5/28/24
I'M JUST SHOWING OFF,Phrase,5/29/24
IT WAS OUT OF VIEW,Phrase,5/30/24
GOING PLACES,What Are You Doing?,5/31/24
FINISHING THE JOB,What Are You Doing?,6/3/24
BANK BRANCH,Place,6/4/24
FACTS AND FIGURES,Things,6/5/24
JOTTING DOWN IDEAS,What Are You Doing?,6/6/24
BACK PORCH,Place,6/7/24
DIGITAL FOOTPRINT,Thing,9/9/24
TAKING FRIDAY OFF,What Are You Doing?,9/10/24
LOW-FAT YOGURT,Food &amp; Drink,9/11/24
BUBBLING WITH EXCITEMENT,What Are You Doing?,9/12/24
WAITING FOR A PACKAGE,What Are You Doing?,9/13/24
OFFERING SOME HELP,What Are You Doing?,9/16/24
FLOWER BOXES,Around the House,9/17/24
POACHED SALMON,Food &amp; Drink,9/18/24
HIGH-END FASHION,What Are You Wearing?,9/19/24
DOLPHINS,Living Things,9/20/24
RIDING BOOTS,What Are You Wearing?,9/23/24
WAITING MY TURN,What Are You Doing?,9/24/24
THAT'S THE WHOLE IDEA,Phrase,9/25/24
YOU GOT LUCKY,Phrase,9/26/24
HIGH ACHIEVERS,People,9/27/24
LIGHTWEIGHT CARDIGAN,What Are You Wearing?,9/30/24
CASHEW MILK,Food &amp; Drink,10/1/24
IT JOGGED MY MEMORY,Phrase,10/2/24
FRAGRANT DAFFODILS,Living Things,10/3/24
OUT OF THE WAY,Phrase,10/4/24
BARGAIN HUNTING,What Are You Doing?,10/7/24
RHUBARB PIES,Food &amp; Drink,10/8/24
BEGONIAS,Living Things,10/9/24
IT WORKS WITHOUT FAIL,Phrase,10/10/24
CASUAL ACTIVEWEAR,What Are You Wearing?,10/11/24
BASED ON PRINCIPLE,Phrase,10/14/24
ALWAYS IN DEMAND,Phrase,10/15/24
THEY HAVE A BRIGHT FUTURE,Phrase,10/16/24
BACK IN THE DAY,Phrase,10/17/24
AHEAD OF THE CURVE,Phrase,10/18/24
UPBEAT MUSIC,Thing,10/21/24
YOU WEAR IT WELL,Phrase,10/22/24
HUDDLE AROUND,Phrase,10/23/24
POSING FOR A PIC,What Are You Doing?,10/24/24
KEEP UP THE GOOD WORK,Phrase,10/25/24
HOT FUDGE TOPPING,Food &amp; Drink,10/28/24
APPLYING MYSELF,What Are You Doing?,10/29/24
LOCAL BAKERY,Place,10/30/24
ALWAYS ON THE MOVE,Phrase,10/31/24
ROOMY CONDO,Place,11/1/24
WE HAVE THAT IN COMMON,Phrase,11/4/24
QUICK QUESTION FOR YOU,Phrase,11/5/24
MAKING THE ROUNDS,What Are You Doing?,11/6/24
OFFICE BUILDINGS,Places,11/7/24
CANDIED FRUIT,Food &amp; Drink,11/8/24
ONLINE AUCTION,Event,11/11/24
LOOKING FOR MY KEYS,What Are You Doing?,11/12/24
SAVVY CONSUMER,Person,11/13/24
WE HIT IT OFF,Phrase,11/14/24
WOODEN SPOON,In the Kitchen,11/15/24
CARVED BY HAND,Phrase,11/18/24
MAKING A QUICK DECISION,What Are You Doing?,11/19/24
GLAMOROUS GOWN,What Are You Wearing?,11/20/24
LAVISH VACATION,Event,11/21/24
CUDDLY PUPPY,Living Thing,11/22/24
HEAD COACH,Person,11/25/24
FROZEN ORANGE JUICE,Food &amp; Drink,11/26/24
MY FANCY CLOTHES,What Are You Wearing?,11/27/24
WHISPERING,What Are You Doing?,11/28/24
A BOOMING VOICE,Thing,11/29/24
KEEPING BUSY,What Are You Doing?,12/2/24
BURGER JOINT,Place,12/3/24
WHITE GLOVES,What Are You Wearing?,12/4/24
THINK BIG,Phrase,12/5/24
OUT OF BOUNDS,Phrase,12/6/24
BRIDAL SHOWER,Event,12/9/24
DOUBLE AGENT,Person,12/10/24
UPDATING MY SOFTWARE,What Are You Doing?,12/11/24
BUYING A PHONE,What Are You Doing?,12/12/24
POMEGRANATE,Food &amp; Drink,12/13/24
I HEARD YOU,Phrase,12/16/24
DRIVING ON THE HIGHWAY,What Are You Doing?,12/17/24
GREAT KIDS,People,12/18/24
MAKING AN APPOINTMENT,What Are You Doing?,12/19/24
BOOK FAIR,Event,12/20/24
MAKING THINGS HAPPEN,What Are You Doing?,12/23/24
ON MY WAY HOME,Phrase,12/24/24
PLAID PAJAMAS,What Are You Wearing?,12/25/24
WORTH THE HYPE,Phrase,12/26/24
CHESS PRODIGY,Person,12/27/24
I HAVE AN IDEA,Phrase,12/30/24
JUST FOR YOU,Phrase,12/31/24
BRACE YOURSELF,Phrase,1/1/25
ONWARD AND UPWARD,Phrase,1/2/25
SO MUCH IN COMMON,Phrase,1/3/25
QUICK STUDY,Person,1/6/25
FINAL OFFER,Thing,1/7/25
GOOFING OFF,What Are You Doing?,1/8/25
HOUSEGUEST,Person,1/9/25
HAVING A FEW LAUGHS,What Are You Doing?,1/10/25
JUST BLURT IT OUT,Phrase,1/13/25
COZY HIDEAWAY,Place,1/14/25
AS YOU WISH,Phrase,1/15/25
TOUGH BUT FAIR,Phrase,1/16/25
THEY GO WAY BACK,Phrase,1/17/25
WRITING A MEMO,What Are You Doing?,1/20/25
GUPPIES,Living Things,1/21/25
TAKE YOUR TIME,Phrase,1/22/25
I HAVE A BACKUP PLAN,Phrase,1/23/25
QUITE A SHOCK,Phrase,1/24/25
OFF WE GO,Phrase,1/27/25
ZERO GRAVITY,Thing,1/28/25
JOKING AROUND,What Are You Doing?,1/29/25
BANK VAULT,Place,1/30/25
HIDDEN IN PLAIN VIEW,Phrase,1/31/25
JAZZ GUITARIST,Person,2/3/25
WORKING AROUND THE YARD,What Are You Doing?,2/4/25
A FARAWAY LAND,Place,2/5/25
RIDING MY BIKE TO WORK,What Are You Doing?,2/6/25
LOOK BACK WITH FONDNESS,Phrase,2/7/25
I'M ALL THUMBS,Phrase,2/10/25
BAKED HAM,Food &amp; Drink,2/11/25
GIVING SOMEONE A HUG,What Are You Doing?,2/12/25
PRIM AND PROPER,Phrase,2/13/25
I DID MY HOMEWORK,Phrase,2/14/25
CUTE GUINEA PIGS,Living Things,2/17/25
TAKE MY ADVICE,Phrase,2/18/25
JOGGING PATH,Place,2/19/25
BRIDGING THE GAP,What Are You Doing?,2/20/25
ACTING ON IMPULSE,What Are You Doing?,2/21/25
BUYING IN BULK,What Are You Doing?,2/24/25
TRIVIA BUFF,Person,2/25/25
FUSSY BABIES,People,2/26/25
BEGINNING AGAIN,What Are You Doing?,2/27/25
FRIGID WEATHER,Thing,2/28/25
ZIP-UP HOODIE,What Are You Wearing?,3/3/25
GONE HAYWIRE,Phrase,3/4/25
KICKING BACK AND RELAXING,What Are You Doing?,3/5/25
WILD BOAR,Living Thing,3/6/25
POPPING THE CORK,What Are You Doing?,3/7/25
PUMPKIN RAVIOLI,Food &amp; Drink,3/10/25
A HAPPY MEDIUM,Phrase,3/11/25
CHANGING OUTFITS,What Are You Doing?,3/12/25
HUGGING IT OUT,What Are You Doing?,3/13/25
FUSE BOX,Around the House,3/14/25
I WOULD BE DELIGHTED,Phrase,3/17/25
GAZEBO,Place,3/18/25
ORANGE GROVE,Place,3/19/25
A BRIEF OVERVIEW,Thing,3/20/25
FILM FOOTAGE,Show Biz,3/21/25
PAIR OF WHITE GLOVES,What Are You Wearing?,3/24/25
WAIT FOR IT,Phrase,3/25/25
DOWN TO THE WIRE,Phrase,3/26/25
THE BIG FINALE,Event,3/27/25
ON OUR WAY,Phrase,3/28/25
WHOOP IT UP,Phrase,3/31/25
PREVIOUS OCCUPANT,Person,4/1/25
BANQUET ROOM,Place,4/2/25
FAR BEHIND,Phrase,4/3/25
A NICE GROUP OF KIDS,People,4/4/25
MAJOR VICTORY,Event,4/7/25
HITTING PAUSE,What Are You Doing?,4/8/25
BANK HOLIDAY,Event,4/9/25
PRACTICING GUITAR CHORDS,What Are You Doing?,4/10/25
MOVING FORWARD,What Are You Doing?,4/11/25
QUILTED FABRIC,Thing,4/14/25
BEING QUITE WITTY,What Are You Doing?,4/15/25
MEMORIZING A POEM,What Are You Doing?,4/16/25
JUICY PEACH,Food &amp; Drink,4/17/25
ACTIVATING MY PHONE,What Are You Doing?,4/18/25
